"","sex_stress","mean_tencurve1","mean_tencurve2","mean_tencurve3","mean_tencurve4","mean_tencurve5","sem_tencurve1","sem_tencurve2","sem_tencurve3","sem_tencurve4","sem_tencurve5"
"1","Female_ELS",47.0211161391765,33.6349924587059,27.3755656113529,28.4690799401176,20.0980392152353,6.1920684978717,5.61748375426799,5.08078230458417,7.04872323143674,6.1920684978717
"2","Female_NS",28.496503496,25.7575757578182,21.2121212123636,15.9090909099091,17.7738927738182,6.48174797950806,8.51725413483234,8.65760280421683,7.05806951418912,6.48174797950806
"3","Male_ELS",63.2352941188235,56.3348416288235,35.5580693814706,27.752639518,27.8092006035294,4.99870097396219,5.15432238484278,5.43097703112841,5.00559397292757,4.99870097396219
"4","Male_NS",44.4444444449167,42.36111111025,38.19444444525,30.5555555560833,20.7022144525,9.64071170150409,11.0696036577525,9.64753054822049,8.09854429829058,9.64071170150409
